Question,Answer
How many sick leaves are allowed per year in detail??,Employees can avail 12 sick leaves per year.
How many sick leaves are allowed per year please??,Employees can avail 12 sick leaves per year.
What is the annual paid leave policy please??,Employees get 18 paid leaves annually.
How many sick leaves are allowed per year please??,Employees can avail 12 sick leaves per year.
How many sick leaves are allowed per year in detail??,Employees can avail 12 sick leaves per year.
How many sick leaves are allowed per year in detail??,Employees can avail 12 sick leaves per year.
How many casual leaves are available kindly tell me??,Employees are entitled to 6 casual leaves annually.
What is the annual paid leave policy kindly tell me??,Employees get 18 paid leaves annually.
How many casual leaves are available as per policy??,Employees are entitled to 6 casual leaves annually.
What is the annual paid leave policy kindly tell me??,Employees get 18 paid leaves annually.
How many casual leaves are available kindly tell me??,Employees are entitled to 6 casual leaves annually.
What is the annual paid leave policy as per policy??,Employees get 18 paid leaves annually.
How many sick leaves are allowed per year kindly tell me??,Employees can avail 12 sick leaves per year.
How many casual leaves are available as per policy??,Employees are entitled to 6 casual leaves annually.
How many casual leaves are available in detail??,Employees are entitled to 6 casual leaves annually.
How many sick leaves are allowed per year?,Employees can avail 12 sick leaves per year.
What is the annual paid leave policy as per policy??,Employees get 18 paid leaves annually.
What is the annual paid leave policy please??,Employees get 18 paid leaves annually.
What is the annual paid leave policy in detail??,Employees get 18 paid leaves annually.
How many casual leaves are available as per policy??,Employees are entitled to 6 casual leaves annually.
How many casual leaves are available kindly tell me??,Employees are entitled to 6 casual leaves annually.
How many sick leaves are allowed per year?,Employees can avail 12 sick leaves per year.
How many casual leaves are available in detail??,Employees are entitled to 6 casual leaves annually.
What is the annual paid leave policy?,Employees get 18 paid leaves annually.
What is the annual paid leave policy please??,Employees get 18 paid leaves annually.
How many sick leaves are allowed per year in detail??,Employees can avail 12 sick leaves per year.
How many casual leaves are available as per policy??,Employees are entitled to 6 casual leaves annually.
How many sick leaves are allowed per year as per policy??,Employees can avail 12 sick leaves per year.
How many casual leaves are available?,Employees are entitled to 6 casual leaves annually.
How many casual leaves are available please??,Employees are entitled to 6 casual leaves annually.
How is late coming handled?,Employees are allowed 3 late marks per month.
What are the office working hours?,"Our office timings are 9 AM to 6 PM, Monday to Friday."
How is late coming handled as per policy??,Employees are allowed 3 late marks per month.
How is late coming handled please??,Employees are allowed 3 late marks per month.
What are the office working hours kindly tell me??,"Our office timings are 9 AM to 6 PM, Monday to Friday."
What are the office working hours as per policy??,"Our office timings are 9 AM to 6 PM, Monday to Friday."
What are the office working hours as per policy??,"Our office timings are 9 AM to 6 PM, Monday to Friday."
Is flexible working allowed please??,"Yes, employees can log in between 8 AM and 10 AM."
Is flexible working allowed in detail??,"Yes, employees can log in between 8 AM and 10 AM."
What are the office working hours as per policy??,"Our office timings are 9 AM to 6 PM, Monday to Friday."
What are the office working hours in detail??,"Our office timings are 9 AM to 6 PM, Monday to Friday."
Is flexible working allowed in detail??,"Yes, employees can log in between 8 AM and 10 AM."
What are the office working hours kindly tell me??,"Our office timings are 9 AM to 6 PM, Monday to Friday."
Is flexible working allowed please??,"Yes, employees can log in between 8 AM and 10 AM."
How is late coming handled in detail??,Employees are allowed 3 late marks per month.
What are the office working hours?,"Our office timings are 9 AM to 6 PM, Monday to Friday."
Is flexible working allowed in detail??,"Yes, employees can log in between 8 AM and 10 AM."
Is flexible working allowed as per policy??,"Yes, employees can log in between 8 AM and 10 AM."
Is flexible working allowed in detail??,"Yes, employees can log in between 8 AM and 10 AM."
What are the office working hours in detail??,"Our office timings are 9 AM to 6 PM, Monday to Friday."
What are the office working hours as per policy??,"Our office timings are 9 AM to 6 PM, Monday to Friday."
What are the office working hours in detail??,"Our office timings are 9 AM to 6 PM, Monday to Friday."
How is late coming handled?,Employees are allowed 3 late marks per month.
What are the office working hours please??,"Our office timings are 9 AM to 6 PM, Monday to Friday."
Is flexible working allowed kindly tell me??,"Yes, employees can log in between 8 AM and 10 AM."
How is late coming handled please??,Employees are allowed 3 late marks per month.
Is flexible working allowed in detail??,"Yes, employees can log in between 8 AM and 10 AM."
Is flexible working allowed kindly tell me??,"Yes, employees can log in between 8 AM and 10 AM."
What are the office working hours as per policy??,"Our office timings are 9 AM to 6 PM, Monday to Friday."
Is flexible working allowed as per policy??,"Yes, employees can log in between 8 AM and 10 AM."
Is there an annual bonus as per policy??,"Yes, employees are eligible for annual performance-based bonuses."
Is there an annual bonus as per policy??,"Yes, employees are eligible for annual performance-based bonuses."
Are interns paid as per policy??,"Yes, interns receive a monthly stipend."
Is there an annual bonus?,"Yes, employees are eligible for annual performance-based bonuses."
When is salary credited as per policy??,Salary is credited on the last working day of every month.
Are interns paid kindly tell me??,"Yes, interns receive a monthly stipend."
When is salary credited as per policy??,Salary is credited on the last working day of every month.
Are interns paid in detail??,"Yes, interns receive a monthly stipend."
Is there an annual bonus?,"Yes, employees are eligible for annual performance-based bonuses."
When is salary credited?,Salary is credited on the last working day of every month.
When is salary credited please??,Salary is credited on the last working day of every month.
Are interns paid as per policy??,"Yes, interns receive a monthly stipend."
Is there an annual bonus?,"Yes, employees are eligible for annual performance-based bonuses."
Is there an annual bonus as per policy??,"Yes, employees are eligible for annual performance-based bonuses."
Are interns paid?,"Yes, interns receive a monthly stipend."
When is salary credited please??,Salary is credited on the last working day of every month.
Are interns paid please??,"Yes, interns receive a monthly stipend."
When is salary credited kindly tell me??,Salary is credited on the last working day of every month.
When is salary credited?,Salary is credited on the last working day of every month.
Is there an annual bonus kindly tell me??,"Yes, employees are eligible for annual performance-based bonuses."
Is there an annual bonus in detail??,"Yes, employees are eligible for annual performance-based bonuses."
Is there an annual bonus please??,"Yes, employees are eligible for annual performance-based bonuses."
Is there an annual bonus as per policy??,"Yes, employees are eligible for annual performance-based bonuses."
When is salary credited?,Salary is credited on the last working day of every month.
When is salary credited as per policy??,Salary is credited on the last working day of every month.
When is salary credited kindly tell me??,Salary is credited on the last working day of every month.
Is there an annual bonus please??,"Yes, employees are eligible for annual performance-based bonuses."
Are interns paid as per policy??,"Yes, interns receive a monthly stipend."
Are interns paid?,"Yes, interns receive a monthly stipend."
Are interns paid kindly tell me??,"Yes, interns receive a monthly stipend."
Is there a probation period as per policy??,"Yes, the probation period is 3 months for new employees."
Is there a probation period kindly tell me??,"Yes, the probation period is 3 months for new employees."
Is there a probation period kindly tell me??,"Yes, the probation period is 3 months for new employees."
Is there a probation period kindly tell me??,"Yes, the probation period is 3 months for new employees."
What is the notice period kindly tell me??,Employees need to serve a 60-day notice period.
What is the notice period please??,Employees need to serve a 60-day notice period.
Is there a probation period as per policy??,"Yes, the probation period is 3 months for new employees."
Is there a probation period in detail??,"Yes, the probation period is 3 months for new employees."
Is there a probation period in detail??,"Yes, the probation period is 3 months for new employees."
What is the notice period?,Employees need to serve a 60-day notice period.
What is the notice period kindly tell me??,Employees need to serve a 60-day notice period.
Is there a probation period in detail??,"Yes, the probation period is 3 months for new employees."
Is there a probation period?,"Yes, the probation period is 3 months for new employees."
Is there a probation period as per policy??,"Yes, the probation period is 3 months for new employees."
What is the notice period please??,Employees need to serve a 60-day notice period.
Is there a probation period?,"Yes, the probation period is 3 months for new employees."
Is there a probation period kindly tell me??,"Yes, the probation period is 3 months for new employees."
Is there a probation period as per policy??,"Yes, the probation period is 3 months for new employees."
What is the notice period as per policy??,Employees need to serve a 60-day notice period.
What is the notice period?,Employees need to serve a 60-day notice period.
Is there a probation period please??,"Yes, the probation period is 3 months for new employees."
What is the notice period kindly tell me??,Employees need to serve a 60-day notice period.
What is the notice period?,Employees need to serve a 60-day notice period.
What is the notice period kindly tell me??,Employees need to serve a 60-day notice period.
What is the notice period?,Employees need to serve a 60-day notice period.
What is the notice period kindly tell me??,Employees need to serve a 60-day notice period.
What is the notice period?,Employees need to serve a 60-day notice period.
Is there a probation period kindly tell me??,"Yes, the probation period is 3 months for new employees."
Is there a probation period?,"Yes, the probation period is 3 months for new employees."
What is the notice period in detail??,Employees need to serve a 60-day notice period.
Do we have health insurance in detail??,"Yes, all employees are covered under the company’s group health insurance policy."
Are dependents covered in health insurance kindly tell me??,"Yes, dependents are also covered in the insurance policy."
Are dependents covered in health insurance as per policy??,"Yes, dependents are also covered in the insurance policy."
Are dependents covered in health insurance please??,"Yes, dependents are also covered in the insurance policy."
Do we have health insurance please??,"Yes, all employees are covered under the company’s group health insurance policy."
Are dependents covered in health insurance please??,"Yes, dependents are also covered in the insurance policy."
Are dependents covered in health insurance?,"Yes, dependents are also covered in the insurance policy."
Do we have health insurance?,"Yes, all employees are covered under the company’s group health insurance policy."
Are dependents covered in health insurance please??,"Yes, dependents are also covered in the insurance policy."
Are dependents covered in health insurance in detail??,"Yes, dependents are also covered in the insurance policy."
Are dependents covered in health insurance?,"Yes, dependents are also covered in the insurance policy."
Are dependents covered in health insurance as per policy??,"Yes, dependents are also covered in the insurance policy."
Do we have health insurance?,"Yes, all employees are covered under the company’s group health insurance policy."
Are dependents covered in health insurance in detail??,"Yes, dependents are also covered in the insurance policy."
Are dependents covered in health insurance please??,"Yes, dependents are also covered in the insurance policy."
Are dependents covered in health insurance kindly tell me??,"Yes, dependents are also covered in the insurance policy."
Do we have health insurance as per policy??,"Yes, all employees are covered under the company’s group health insurance policy."
Do we have health insurance?,"Yes, all employees are covered under the company’s group health insurance policy."
Are dependents covered in health insurance please??,"Yes, dependents are also covered in the insurance policy."
Do we have health insurance as per policy??,"Yes, all employees are covered under the company’s group health insurance policy."
Do we have health insurance as per policy??,"Yes, all employees are covered under the company’s group health insurance policy."
Do we have health insurance as per policy??,"Yes, all employees are covered under the company’s group health insurance policy."
Do we have health insurance kindly tell me??,"Yes, all employees are covered under the company’s group health insurance policy."
Do we have health insurance as per policy??,"Yes, all employees are covered under the company’s group health insurance policy."
Do we have health insurance in detail??,"Yes, all employees are covered under the company’s group health insurance policy."
Do we have health insurance?,"Yes, all employees are covered under the company’s group health insurance policy."
Are dependents covered in health insurance please??,"Yes, dependents are also covered in the insurance policy."
Do we have health insurance as per policy??,"Yes, all employees are covered under the company’s group health insurance policy."
Are dependents covered in health insurance as per policy??,"Yes, dependents are also covered in the insurance policy."
Do we have health insurance?,"Yes, all employees are covered under the company’s group health insurance policy."
Do we have a work from home option please??,"Yes, employees can avail 2 work from home days per month with manager approval."
Can we request permanent remote work please??,Permanent remote work depends on business requirements and manager approval.
Do we have a work from home option as per policy??,"Yes, employees can avail 2 work from home days per month with manager approval."
Can we request permanent remote work kindly tell me??,Permanent remote work depends on business requirements and manager approval.
Can we request permanent remote work please??,Permanent remote work depends on business requirements and manager approval.
Can we request permanent remote work as per policy??,Permanent remote work depends on business requirements and manager approval.
Can we request permanent remote work as per policy??,Permanent remote work depends on business requirements and manager approval.
Do we have a work from home option in detail??,"Yes, employees can avail 2 work from home days per month with manager approval."
Do we have a work from home option please??,"Yes, employees can avail 2 work from home days per month with manager approval."
Do we have a work from home option please??,"Yes, employees can avail 2 work from home days per month with manager approval."
Do we have a work from home option please??,"Yes, employees can avail 2 work from home days per month with manager approval."
Can we request permanent remote work in detail??,Permanent remote work depends on business requirements and manager approval.
Can we request permanent remote work in detail??,Permanent remote work depends on business requirements and manager approval.
Do we have a work from home option as per policy??,"Yes, employees can avail 2 work from home days per month with manager approval."
Do we have a work from home option in detail??,"Yes, employees can avail 2 work from home days per month with manager approval."
Do we have a work from home option?,"Yes, employees can avail 2 work from home days per month with manager approval."
Can we request permanent remote work kindly tell me??,Permanent remote work depends on business requirements and manager approval.
Can we request permanent remote work kindly tell me??,Permanent remote work depends on business requirements and manager approval.
Can we request permanent remote work please??,Permanent remote work depends on business requirements and manager approval.
Can we request permanent remote work in detail??,Permanent remote work depends on business requirements and manager approval.
Can we request permanent remote work kindly tell me??,Permanent remote work depends on business requirements and manager approval.
Do we have a work from home option as per policy??,"Yes, employees can avail 2 work from home days per month with manager approval."
Do we have a work from home option kindly tell me??,"Yes, employees can avail 2 work from home days per month with manager approval."
Can we request permanent remote work kindly tell me??,Permanent remote work depends on business requirements and manager approval.
Can we request permanent remote work please??,Permanent remote work depends on business requirements and manager approval.
Can we request permanent remote work kindly tell me??,Permanent remote work depends on business requirements and manager approval.
Do we have a work from home option in detail??,"Yes, employees can avail 2 work from home days per month with manager approval."
Do we have a work from home option?,"Yes, employees can avail 2 work from home days per month with manager approval."
Do we have a work from home option please??,"Yes, employees can avail 2 work from home days per month with manager approval."
Can we request permanent remote work please??,Permanent remote work depends on business requirements and manager approval.
How many vacation days are provided in detail??,Employees receive 15 vacation days annually.
Are there national holidays please??,"Yes, we observe 10 national holidays in a year."
How many vacation days are provided kindly tell me??,Employees receive 15 vacation days annually.
Are there national holidays as per policy??,"Yes, we observe 10 national holidays in a year."
How many vacation days are provided in detail??,Employees receive 15 vacation days annually.
Are there national holidays kindly tell me??,"Yes, we observe 10 national holidays in a year."
How many vacation days are provided in detail??,Employees receive 15 vacation days annually.
Are there national holidays as per policy??,"Yes, we observe 10 national holidays in a year."
How many vacation days are provided please??,Employees receive 15 vacation days annually.
How many vacation days are provided kindly tell me??,Employees receive 15 vacation days annually.
Are there national holidays kindly tell me??,"Yes, we observe 10 national holidays in a year."
Are there national holidays kindly tell me??,"Yes, we observe 10 national holidays in a year."
Are there national holidays as per policy??,"Yes, we observe 10 national holidays in a year."
How many vacation days are provided in detail??,Employees receive 15 vacation days annually.
How many vacation days are provided as per policy??,Employees receive 15 vacation days annually.
How many vacation days are provided?,Employees receive 15 vacation days annually.
How many vacation days are provided?,Employees receive 15 vacation days annually.
How many vacation days are provided please??,Employees receive 15 vacation days annually.
Are there national holidays in detail??,"Yes, we observe 10 national holidays in a year."
How many vacation days are provided?,Employees receive 15 vacation days annually.
Are there national holidays as per policy??,"Yes, we observe 10 national holidays in a year."
How many vacation days are provided?,Employees receive 15 vacation days annually.
Are there national holidays in detail??,"Yes, we observe 10 national holidays in a year."
Are there national holidays as per policy??,"Yes, we observe 10 national holidays in a year."
How many vacation days are provided as per policy??,Employees receive 15 vacation days annually.
How many vacation days are provided kindly tell me??,Employees receive 15 vacation days annually.
How many vacation days are provided kindly tell me??,Employees receive 15 vacation days annually.
Are there national holidays kindly tell me??,"Yes, we observe 10 national holidays in a year."
Are there national holidays kindly tell me??,"Yes, we observe 10 national holidays in a year."
How many vacation days are provided in detail??,Employees receive 15 vacation days annually.
Do we get paternity leave in detail??,"Yes, male employees get 10 days of paternity leave."
Do we get maternity leave?,"Yes, female employees get 26 weeks of maternity leave."
Do we get paternity leave kindly tell me??,"Yes, male employees get 10 days of paternity leave."
Do we get paternity leave?,"Yes, male employees get 10 days of paternity leave."
Do we get paternity leave?,"Yes, male employees get 10 days of paternity leave."
Do we get paternity leave in detail??,"Yes, male employees get 10 days of paternity leave."
Do we get maternity leave kindly tell me??,"Yes, female employees get 26 weeks of maternity leave."
Do we get maternity leave kindly tell me??,"Yes, female employees get 26 weeks of maternity leave."
Do we get maternity leave as per policy??,"Yes, female employees get 26 weeks of maternity leave."
Do we get maternity leave in detail??,"Yes, female employees get 26 weeks of maternity leave."
Do we get maternity leave in detail??,"Yes, female employees get 26 weeks of maternity leave."
Do we get paternity leave in detail??,"Yes, male employees get 10 days of paternity leave."
Do we get maternity leave kindly tell me??,"Yes, female employees get 26 weeks of maternity leave."
Do we get maternity leave as per policy??,"Yes, female employees get 26 weeks of maternity leave."
Do we get paternity leave please??,"Yes, male employees get 10 days of paternity leave."
Do we get maternity leave kindly tell me??,"Yes, female employees get 26 weeks of maternity leave."
Do we get maternity leave?,"Yes, female employees get 26 weeks of maternity leave."
Do we get paternity leave?,"Yes, male employees get 10 days of paternity leave."
Do we get maternity leave kindly tell me??,"Yes, female employees get 26 weeks of maternity leave."
Do we get maternity leave please??,"Yes, female employees get 26 weeks of maternity leave."
Do we get paternity leave as per policy??,"Yes, male employees get 10 days of paternity leave."
Do we get paternity leave in detail??,"Yes, male employees get 10 days of paternity leave."
Do we get maternity leave kindly tell me??,"Yes, female employees get 26 weeks of maternity leave."
Do we get paternity leave please??,"Yes, male employees get 10 days of paternity leave."
Do we get paternity leave?,"Yes, male employees get 10 days of paternity leave."
Do we get maternity leave in detail??,"Yes, female employees get 26 weeks of maternity leave."
Do we get maternity leave in detail??,"Yes, female employees get 26 weeks of maternity leave."
Do we get maternity leave please??,"Yes, female employees get 26 weeks of maternity leave."
Do we get paternity leave in detail??,"Yes, male employees get 10 days of paternity leave."
Do we get maternity leave?,"Yes, female employees get 26 weeks of maternity leave."
Are laptops provided by the company?,"Yes, laptops are provided to all employees."
Are laptops provided by the company as per policy??,"Yes, laptops are provided to all employees."
Are laptops provided by the company?,"Yes, laptops are provided to all employees."
Are meals provided at the office in detail??,"Yes, lunch and evening snacks are provided in the cafeteria."
Is there a transport facility in detail??,"Yes, the company provides shuttle services on major routes."
Is there a transport facility please??,"Yes, the company provides shuttle services on major routes."
Are laptops provided by the company kindly tell me??,"Yes, laptops are provided to all employees."
Is there a transport facility please??,"Yes, the company provides shuttle services on major routes."
Is there a transport facility please??,"Yes, the company provides shuttle services on major routes."
Are meals provided at the office as per policy??,"Yes, lunch and evening snacks are provided in the cafeteria."
Is there a transport facility as per policy??,"Yes, the company provides shuttle services on major routes."
Are meals provided at the office as per policy??,"Yes, lunch and evening snacks are provided in the cafeteria."
Are meals provided at the office?,"Yes, lunch and evening snacks are provided in the cafeteria."
Is there a transport facility kindly tell me??,"Yes, the company provides shuttle services on major routes."
Are meals provided at the office please??,"Yes, lunch and evening snacks are provided in the cafeteria."
Are meals provided at the office as per policy??,"Yes, lunch and evening snacks are provided in the cafeteria."
Is there a transport facility?,"Yes, the company provides shuttle services on major routes."
Are meals provided at the office as per policy??,"Yes, lunch and evening snacks are provided in the cafeteria."
Is there a transport facility kindly tell me??,"Yes, the company provides shuttle services on major routes."
Are laptops provided by the company kindly tell me??,"Yes, laptops are provided to all employees."
Are meals provided at the office in detail??,"Yes, lunch and evening snacks are provided in the cafeteria."
Is there a transport facility in detail??,"Yes, the company provides shuttle services on major routes."
Is there a transport facility kindly tell me??,"Yes, the company provides shuttle services on major routes."
Is there a transport facility?,"Yes, the company provides shuttle services on major routes."
Are meals provided at the office?,"Yes, lunch and evening snacks are provided in the cafeteria."
Are meals provided at the office in detail??,"Yes, lunch and evening snacks are provided in the cafeteria."
Is there a transport facility in detail??,"Yes, the company provides shuttle services on major routes."
Are laptops provided by the company as per policy??,"Yes, laptops are provided to all employees."
Are laptops provided by the company?,"Yes, laptops are provided to all employees."
Are laptops provided by the company in detail??,"Yes, laptops are provided to all employees."
How are promotions decided as per policy??,Promotions are based on performance reviews and business needs.
Do we have performance reviews kindly tell me??,"Yes, performance reviews are conducted twice a year."
How are promotions decided kindly tell me??,Promotions are based on performance reviews and business needs.
How are promotions decided kindly tell me??,Promotions are based on performance reviews and business needs.
How are promotions decided in detail??,Promotions are based on performance reviews and business needs.
Do we have performance reviews?,"Yes, performance reviews are conducted twice a year."
Do we have performance reviews as per policy??,"Yes, performance reviews are conducted twice a year."
How are promotions decided in detail??,Promotions are based on performance reviews and business needs.
How are promotions decided kindly tell me??,Promotions are based on performance reviews and business needs.
Do we have performance reviews?,"Yes, performance reviews are conducted twice a year."
Do we have performance reviews please??,"Yes, performance reviews are conducted twice a year."
Do we have performance reviews kindly tell me??,"Yes, performance reviews are conducted twice a year."
Do we have performance reviews kindly tell me??,"Yes, performance reviews are conducted twice a year."
How are promotions decided in detail??,Promotions are based on performance reviews and business needs.
Do we have performance reviews in detail??,"Yes, performance reviews are conducted twice a year."
Do we have performance reviews kindly tell me??,"Yes, performance reviews are conducted twice a year."
How are promotions decided kindly tell me??,Promotions are based on performance reviews and business needs.
How are promotions decided as per policy??,Promotions are based on performance reviews and business needs.
How are promotions decided please??,Promotions are based on performance reviews and business needs.
Do we have performance reviews please??,"Yes, performance reviews are conducted twice a year."
How are promotions decided please??,Promotions are based on performance reviews and business needs.
Do we have performance reviews as per policy??,"Yes, performance reviews are conducted twice a year."
Do we have performance reviews in detail??,"Yes, performance reviews are conducted twice a year."
How are promotions decided as per policy??,Promotions are based on performance reviews and business needs.
How are promotions decided kindly tell me??,Promotions are based on performance reviews and business needs.
How are promotions decided in detail??,Promotions are based on performance reviews and business needs.
Do we have performance reviews please??,"Yes, performance reviews are conducted twice a year."
How are promotions decided please??,Promotions are based on performance reviews and business needs.
How are promotions decided please??,Promotions are based on performance reviews and business needs.
Do we have performance reviews?,"Yes, performance reviews are conducted twice a year."
What is the dress code policy please??,"The dress code is business casual from Monday to Thursday, and casual on Fridays."
Is there a dress code on weekends in detail??,"No, there is no dress code for weekend work."
Is there a dress code on weekends in detail??,"No, there is no dress code for weekend work."
Is there a dress code on weekends kindly tell me??,"No, there is no dress code for weekend work."
Is there a dress code on weekends please??,"No, there is no dress code for weekend work."
What is the dress code policy please??,"The dress code is business casual from Monday to Thursday, and casual on Fridays."
What is the dress code policy please??,"The dress code is business casual from Monday to Thursday, and casual on Fridays."
Is there a dress code on weekends kindly tell me??,"No, there is no dress code for weekend work."
Is there a dress code on weekends as per policy??,"No, there is no dress code for weekend work."
Is there a dress code on weekends as per policy??,"No, there is no dress code for weekend work."
Is there a dress code on weekends?,"No, there is no dress code for weekend work."
Is there a dress code on weekends?,"No, there is no dress code for weekend work."
What is the dress code policy?,"The dress code is business casual from Monday to Thursday, and casual on Fridays."
What is the dress code policy kindly tell me??,"The dress code is business casual from Monday to Thursday, and casual on Fridays."
Is there a dress code on weekends please??,"No, there is no dress code for weekend work."
What is the dress code policy as per policy??,"The dress code is business casual from Monday to Thursday, and casual on Fridays."
What is the dress code policy?,"The dress code is business casual from Monday to Thursday, and casual on Fridays."
What is the dress code policy kindly tell me??,"The dress code is business casual from Monday to Thursday, and casual on Fridays."
What is the dress code policy in detail??,"The dress code is business casual from Monday to Thursday, and casual on Fridays."
Is there a dress code on weekends in detail??,"No, there is no dress code for weekend work."
Is there a dress code on weekends as per policy??,"No, there is no dress code for weekend work."
Is there a dress code on weekends in detail??,"No, there is no dress code for weekend work."
Is there a dress code on weekends as per policy??,"No, there is no dress code for weekend work."
What is the dress code policy kindly tell me??,"The dress code is business casual from Monday to Thursday, and casual on Fridays."
What is the dress code policy as per policy??,"The dress code is business casual from Monday to Thursday, and casual on Fridays."
Is there a dress code on weekends kindly tell me??,"No, there is no dress code for weekend work."
What is the dress code policy as per policy??,"The dress code is business casual from Monday to Thursday, and casual on Fridays."
Is there a dress code on weekends please??,"No, there is no dress code for weekend work."
What is the dress code policy?,"The dress code is business casual from Monday to Thursday, and casual on Fridays."
What is the dress code policy please??,"The dress code is business casual from Monday to Thursday, and casual on Fridays."
What happens after resignation in detail??,Employees need to complete exit formalities and hand over responsibilities.
What is the retirement age as per policy??,The official retirement age is 60 years.
What happens after resignation please??,Employees need to complete exit formalities and hand over responsibilities.
What happens after resignation as per policy??,Employees need to complete exit formalities and hand over responsibilities.
What happens after resignation kindly tell me??,Employees need to complete exit formalities and hand over responsibilities.
What is the retirement age please??,The official retirement age is 60 years.
What is the retirement age as per policy??,The official retirement age is 60 years.
What happens after resignation?,Employees need to complete exit formalities and hand over responsibilities.
What happens after resignation?,Employees need to complete exit formalities and hand over responsibilities.
What happens after resignation in detail??,Employees need to complete exit formalities and hand over responsibilities.
What happens after resignation please??,Employees need to complete exit formalities and hand over responsibilities.
What happens after resignation as per policy??,Employees need to complete exit formalities and hand over responsibilities.
What is the retirement age as per policy??,The official retirement age is 60 years.
What happens after resignation?,Employees need to complete exit formalities and hand over responsibilities.
What is the retirement age in detail??,The official retirement age is 60 years.
What is the retirement age kindly tell me??,The official retirement age is 60 years.
What happens after resignation as per policy??,Employees need to complete exit formalities and hand over responsibilities.
What is the retirement age as per policy??,The official retirement age is 60 years.
What happens after resignation as per policy??,Employees need to complete exit formalities and hand over responsibilities.
What is the retirement age kindly tell me??,The official retirement age is 60 years.
What is the retirement age as per policy??,The official retirement age is 60 years.
What happens after resignation?,Employees need to complete exit formalities and hand over responsibilities.
What is the retirement age as per policy??,The official retirement age is 60 years.
What is the retirement age please??,The official retirement age is 60 years.
What happens after resignation kindly tell me??,Employees need to complete exit formalities and hand over responsibilities.
What happens after resignation as per policy??,Employees need to complete exit formalities and hand over responsibilities.
What happens after resignation in detail??,Employees need to complete exit formalities and hand over responsibilities.
What is the retirement age as per policy??,The official retirement age is 60 years.
What is the retirement age as per policy??,The official retirement age is 60 years.
What is the retirement age in detail??,The official retirement age is 60 years.
Do interns get full-time opportunities kindly tell me??,"Yes, interns with good performance may receive full-time offers."
Are training sessions provided?,"Yes, regular training and workshops are organized for employees."
Do interns get full-time opportunities please??,"Yes, interns with good performance may receive full-time offers."
Are training sessions provided please??,"Yes, regular training and workshops are organized for employees."
Do interns get full-time opportunities in detail??,"Yes, interns with good performance may receive full-time offers."
Are training sessions provided in detail??,"Yes, regular training and workshops are organized for employees."
Do interns get full-time opportunities?,"Yes, interns with good performance may receive full-time offers."
Do interns get full-time opportunities please??,"Yes, interns with good performance may receive full-time offers."
Do interns get full-time opportunities in detail??,"Yes, interns with good performance may receive full-time offers."
Are training sessions provided kindly tell me??,"Yes, regular training and workshops are organized for employees."
Do interns get full-time opportunities please??,"Yes, interns with good performance may receive full-time offers."
Are training sessions provided kindly tell me??,"Yes, regular training and workshops are organized for employees."
Are training sessions provided please??,"Yes, regular training and workshops are organized for employees."
Do interns get full-time opportunities as per policy??,"Yes, interns with good performance may receive full-time offers."
Do interns get full-time opportunities kindly tell me??,"Yes, interns with good performance may receive full-time offers."
Do interns get full-time opportunities in detail??,"Yes, interns with good performance may receive full-time offers."
Are training sessions provided as per policy??,"Yes, regular training and workshops are organized for employees."
Do interns get full-time opportunities in detail??,"Yes, interns with good performance may receive full-time offers."
Do interns get full-time opportunities as per policy??,"Yes, interns with good performance may receive full-time offers."
Do interns get full-time opportunities as per policy??,"Yes, interns with good performance may receive full-time offers."
Do interns get full-time opportunities please??,"Yes, interns with good performance may receive full-time offers."
Are training sessions provided?,"Yes, regular training and workshops are organized for employees."
Are training sessions provided please??,"Yes, regular training and workshops are organized for employees."
Are training sessions provided please??,"Yes, regular training and workshops are organized for employees."
Are training sessions provided please??,"Yes, regular training and workshops are organized for employees."
Do interns get full-time opportunities please??,"Yes, interns with good performance may receive full-time offers."
Do interns get full-time opportunities?,"Yes, interns with good performance may receive full-time offers."
Are training sessions provided please??,"Yes, regular training and workshops are organized for employees."
Do interns get full-time opportunities?,"Yes, interns with good performance may receive full-time offers."
Are training sessions provided kindly tell me??,"Yes, regular training and workshops are organized for employees."
Are there recognition awards as per policy??,"Yes, employees are recognized with monthly and annual awards."
Are there recognition awards as per policy??,"Yes, employees are recognized with monthly and annual awards."
Is there an employee referral program as per policy??,"Yes, employees can refer candidates and earn referral bonuses."
Is there an employee referral program in detail??,"Yes, employees can refer candidates and earn referral bonuses."
Are there recognition awards in detail??,"Yes, employees are recognized with monthly and annual awards."
Are there recognition awards?,"Yes, employees are recognized with monthly and annual awards."
Is there an employee referral program in detail??,"Yes, employees can refer candidates and earn referral bonuses."
Are there recognition awards?,"Yes, employees are recognized with monthly and annual awards."
Is there an employee referral program in detail??,"Yes, employees can refer candidates and earn referral bonuses."
Is there an employee referral program in detail??,"Yes, employees can refer candidates and earn referral bonuses."
Is there an employee referral program kindly tell me??,"Yes, employees can refer candidates and earn referral bonuses."
Are there recognition awards kindly tell me??,"Yes, employees are recognized with monthly and annual awards."
Is there an employee referral program?,"Yes, employees can refer candidates and earn referral bonuses."
Are there recognition awards?,"Yes, employees are recognized with monthly and annual awards."
Is there an employee referral program in detail??,"Yes, employees can refer candidates and earn referral bonuses."
Are there recognition awards as per policy??,"Yes, employees are recognized with monthly and annual awards."
Is there an employee referral program?,"Yes, employees can refer candidates and earn referral bonuses."
Are there recognition awards please??,"Yes, employees are recognized with monthly and annual awards."
Is there an employee referral program in detail??,"Yes, employees can refer candidates and earn referral bonuses."
Are there recognition awards as per policy??,"Yes, employees are recognized with monthly and annual awards."
Is there an employee referral program please??,"Yes, employees can refer candidates and earn referral bonuses."
Are there recognition awards kindly tell me??,"Yes, employees are recognized with monthly and annual awards."
Is there an employee referral program?,"Yes, employees can refer candidates and earn referral bonuses."
Are there recognition awards as per policy??,"Yes, employees are recognized with monthly and annual awards."
Are there recognition awards kindly tell me??,"Yes, employees are recognized with monthly and annual awards."
Is there an employee referral program?,"Yes, employees can refer candidates and earn referral bonuses."
Are there recognition awards?,"Yes, employees are recognized with monthly and annual awards."
Is there an employee referral program kindly tell me??,"Yes, employees can refer candidates and earn referral bonuses."
Is there an employee referral program?,"Yes, employees can refer candidates and earn referral bonuses."
Is there an employee referral program in detail??,"Yes, employees can refer candidates and earn referral bonuses."
Are there annual company events please??,"Yes, the company organizes annual cultural and sports events."
Do we have team outings?,"Yes, team outings are organized once a year by the company."
Are there annual company events please??,"Yes, the company organizes annual cultural and sports events."
Are there annual company events please??,"Yes, the company organizes annual cultural and sports events."
Are there annual company events please??,"Yes, the company organizes annual cultural and sports events."
Are there annual company events?,"Yes, the company organizes annual cultural and sports events."
Are there annual company events in detail??,"Yes, the company organizes annual cultural and sports events."
Are there annual company events kindly tell me??,"Yes, the company organizes annual cultural and sports events."
Are there annual company events in detail??,"Yes, the company organizes annual cultural and sports events."
Do we have team outings as per policy??,"Yes, team outings are organized once a year by the company."
Do we have team outings?,"Yes, team outings are organized once a year by the company."
Are there annual company events as per policy??,"Yes, the company organizes annual cultural and sports events."
Are there annual company events in detail??,"Yes, the company organizes annual cultural and sports events."
Are there annual company events as per policy??,"Yes, the company organizes annual cultural and sports events."
Do we have team outings as per policy??,"Yes, team outings are organized once a year by the company."
Do we have team outings?,"Yes, team outings are organized once a year by the company."
Are there annual company events as per policy??,"Yes, the company organizes annual cultural and sports events."
Do we have team outings in detail??,"Yes, team outings are organized once a year by the company."
Do we have team outings kindly tell me??,"Yes, team outings are organized once a year by the company."
Do we have team outings please??,"Yes, team outings are organized once a year by the company."
Do we have team outings kindly tell me??,"Yes, team outings are organized once a year by the company."
Do we have team outings?,"Yes, team outings are organized once a year by the company."
Do we have team outings kindly tell me??,"Yes, team outings are organized once a year by the company."
Do we have team outings kindly tell me??,"Yes, team outings are organized once a year by the company."
Do we have team outings in detail??,"Yes, team outings are organized once a year by the company."
Are there annual company events in detail??,"Yes, the company organizes annual cultural and sports events."
Are there annual company events kindly tell me??,"Yes, the company organizes annual cultural and sports events."
Are there annual company events in detail??,"Yes, the company organizes annual cultural and sports events."
Are there annual company events please??,"Yes, the company organizes annual cultural and sports events."
Do we have team outings as per policy??,"Yes, team outings are organized once a year by the company."
